filter_func,cover_elem_count,component_method,connectivity_method,ranked,nodes,edges,compute_time
agd,2,connected_components,connectivity,false,3,2,0.0004780292510986328
agd,2,modularity,connectivity,false,4,5,0.0012960433959960938
agd,2,connected_components,connectivity,true,5,6,0.0004439353942871094
agd,2,modularity,connectivity,true,6,9,0.0012040138244628906
agd,3,connected_components,connectivity,false,5,7,0.00043892860412597656
agd,3,modularity,connectivity,false,5,7,0.0012409687042236328
agd,3,connected_components,connectivity,true,4,5,0.00042819976806640625
agd,3,modularity,connectivity,true,6,10,0.0013849735260009766
agd,4,connected_components,connectivity,false,6,9,0.0004868507385253906
agd,4,modularity,connectivity,false,6,9,0.0015020370483398438
agd,4,connected_components,connectivity,true,8,12,0.0005991458892822266
agd,4,modularity,connectivity,true,8,12,0.0013942718505859375
agd,5,connected_components,connectivity,false,7,10,0.0005619525909423828
agd,5,modularity,connectivity,false,7,10,0.0012159347534179688
agd,5,connected_components,connectivity,true,8,12,0.0006091594696044922
agd,5,modularity,connectivity,true,8,12,0.0011870861053466797
agd,6,connected_components,connectivity,false,7,10,0.0005469322204589844
agd,6,modularity,connectivity,false,7,10,0.0013041496276855469
agd,6,connected_components,connectivity,true,10,14,0.0009801387786865234
agd,6,modularity,connectivity,true,10,14,0.0011060237884521484
agd,7,connected_components,connectivity,false,7,10,0.0006053447723388672
agd,7,modularity,connectivity,false,7,10,0.0014369487762451172
agd,7,connected_components,connectivity,true,10,14,0.0007128715515136719
agd,7,modularity,connectivity,true,10,14,0.0010607242584228516
agd,8,connected_components,connectivity,false,7,10,0.0007441043853759766
agd,8,modularity,connectivity,false,7,10,0.0013818740844726562
agd,8,connected_components,connectivity,true,12,18,0.000743865966796875
agd,8,modularity,connectivity,true,12,18,0.0007469654083251953
agd,9,connected_components,connectivity,false,7,10,0.0006351470947265625
agd,9,modularity,connectivity,false,7,10,0.001316070556640625
agd,9,connected_components,connectivity,true,11,16,0.000926971435546875
agd,9,modularity,connectivity,true,11,16,0.0013968944549560547
agd,10,connected_components,connectivity,false,7,10,0.0006668567657470703
agd,10,modularity,connectivity,false,7,10,0.0013911724090576172
agd,10,connected_components,connectivity,true,12,18,0.0007829666137695312
agd,10,modularity,connectivity,true,12,18,0.00078582763671875
agd,11,connected_components,connectivity,false,7,10,0.0006630420684814453
agd,11,modularity,connectivity,false,7,10,0.0016057491302490234
agd,11,connected_components,connectivity,true,17,43,0.0013768672943115234
agd,11,modularity,connectivity,true,17,43,0.0016200542449951172
agd,12,connected_components,connectivity,false,7,10,0.0007479190826416016
agd,12,modularity,connectivity,false,7,10,0.0013799667358398438
agd,12,connected_components,connectivity,true,12,18,0.0009028911590576172
agd,12,modularity,connectivity,true,12,18,0.0008370876312255859
agd,13,connected_components,connectivity,false,7,10,0.0007369518280029297
agd,13,modularity,connectivity,false,7,10,0.0014331340789794922
agd,13,connected_components,connectivity,true,12,18,0.0008690357208251953
agd,13,modularity,connectivity,true,12,18,0.0008549690246582031
agd,14,connected_components,connectivity,false,7,10,0.0007989406585693359
agd,14,modularity,connectivity,false,7,10,0.0014426708221435547
agd,14,connected_components,connectivity,true,12,18,0.001094818115234375
agd,14,modularity,connectivity,true,12,18,0.0009400844573974609
agd,15,connected_components,connectivity,false,7,10,0.0009348392486572266
agd,15,modularity,connectivity,false,7,10,0.0022449493408203125
agd,15,connected_components,connectivity,true,12,18,0.0017409324645996094
agd,15,modularity,connectivity,true,12,18,0.0016939640045166016
agd,16,connected_components,connectivity,false,7,10,0.0014410018920898438
agd,16,modularity,connectivity,false,7,10,0.0027408599853515625
agd,16,connected_components,connectivity,true,12,18,0.001706838607788086
agd,16,modularity,connectivity,true,12,18,0.0013580322265625
agd,17,connected_components,connectivity,false,7,10,0.0011320114135742188
agd,17,modularity,connectivity,false,7,10,0.00237274169921875
agd,17,connected_components,connectivity,true,12,18,0.0008819103240966797
agd,17,modularity,connectivity,true,12,18,0.0011501312255859375
agd,18,connected_components,connectivity,false,7,10,0.0007610321044921875
agd,18,modularity,connectivity,false,7,10,0.0014431476593017578
agd,18,connected_components,connectivity,true,12,18,0.0008862018585205078
agd,18,modularity,connectivity,true,12,18,0.0008900165557861328
agd,19,connected_components,connectivity,false,7,10,0.0008099079132080078
agd,19,modularity,connectivity,false,7,10,0.001458883285522461
agd,19,connected_components,connectivity,true,12,18,0.0015652179718017578
agd,19,modularity,connectivity,true,12,18,0.0009138584136962891
ecc,2,connected_components,connectivity,false,3,2,0.0003418922424316406
ecc,2,modularity,connectivity,false,5,8,0.00119781494140625
ecc,2,connected_components,connectivity,true,4,4,0.0004067420959472656
ecc,2,modularity,connectivity,true,5,7,0.0012059211730957031
ecc,3,connected_components,connectivity,false,3,2,0.0003540515899658203
ecc,3,modularity,connectivity,false,5,8,0.0012280941009521484
ecc,3,connected_components,connectivity,true,5,7,0.00047397613525390625
ecc,3,modularity,connectivity,true,6,9,0.0012578964233398438
ecc,4,connected_components,connectivity,false,3,2,0.00038313865661621094
ecc,4,modularity,connectivity,false,5,8,0.0012218952178955078
ecc,4,connected_components,connectivity,true,7,11,0.0005576610565185547
ecc,4,modularity,connectivity,true,7,11,0.001293182373046875
ecc,5,connected_components,connectivity,false,3,2,0.0004169940948486328
ecc,5,modularity,connectivity,false,5,8,0.0013477802276611328
ecc,5,connected_components,connectivity,true,8,12,0.0005750656127929688
ecc,5,modularity,connectivity,true,8,12,0.001135110855102539
ecc,6,connected_components,connectivity,false,3,2,0.0004069805145263672
ecc,6,modularity,connectivity,false,5,8,0.0012621879577636719
ecc,6,connected_components,connectivity,true,10,16,0.0006339550018310547
ecc,6,modularity,connectivity,true,10,16,0.0011029243469238281
ecc,7,connected_components,connectivity,false,3,2,0.00043010711669921875
ecc,7,modularity,connectivity,false,5,8,0.0014040470123291016
ecc,7,connected_components,connectivity,true,11,17,0.0006809234619140625
ecc,7,modularity,connectivity,true,11,17,0.0008401870727539062
ecc,8,connected_components,connectivity,false,3,2,0.0004482269287109375
ecc,8,modularity,connectivity,false,5,8,0.0013108253479003906
ecc,8,connected_components,connectivity,true,10,15,0.0006721019744873047
ecc,8,modularity,connectivity,true,10,15,0.0009808540344238281
ecc,9,connected_components,connectivity,false,3,2,0.0004639625549316406
ecc,9,modularity,connectivity,false,5,8,0.0015568733215332031
ecc,9,connected_components,connectivity,true,11,17,0.0007150173187255859
ecc,9,modularity,connectivity,true,11,17,0.0008640289306640625
ecc,10,connected_components,connectivity,false,3,2,0.0004858970642089844
ecc,10,modularity,connectivity,false,5,8,0.0013418197631835938
ecc,10,connected_components,connectivity,true,11,17,0.0007331371307373047
ecc,10,modularity,connectivity,true,11,17,0.000904083251953125
ecc,11,connected_components,connectivity,false,3,2,0.0005140304565429688
ecc,11,modularity,connectivity,false,5,8,0.0014920234680175781
ecc,11,connected_components,connectivity,true,16,43,0.0011870861053466797
ecc,11,modularity,connectivity,true,16,43,0.0017588138580322266
ecc,12,connected_components,connectivity,false,3,2,0.0006628036499023438
ecc,12,modularity,connectivity,false,5,8,0.002022981643676758
ecc,12,connected_components,connectivity,true,12,18,0.000990152359008789
ecc,12,modularity,connectivity,true,12,18,0.0012202262878417969
ecc,13,connected_components,connectivity,false,3,2,0.0006220340728759766
ecc,13,modularity,connectivity,false,5,8,0.0015420913696289062
ecc,13,connected_components,connectivity,true,12,18,0.0008950233459472656
ecc,13,modularity,connectivity,true,12,18,0.0008969306945800781
ecc,14,connected_components,connectivity,false,3,2,0.0005998611450195312
ecc,14,modularity,connectivity,false,5,8,0.0016720294952392578
ecc,14,connected_components,connectivity,true,12,18,0.0009212493896484375
ecc,14,modularity,connectivity,true,12,18,0.0009298324584960938
ecc,15,connected_components,connectivity,false,3,2,0.0009300708770751953
ecc,15,modularity,connectivity,false,5,8,0.0015840530395507812
ecc,15,connected_components,connectivity,true,12,18,0.0009541511535644531
ecc,15,modularity,connectivity,true,12,18,0.0009241104125976562
ecc,16,connected_components,connectivity,false,3,2,0.0006389617919921875
ecc,16,modularity,connectivity,false,5,8,0.0015938282012939453
ecc,16,connected_components,connectivity,true,12,18,0.0009872913360595703
ecc,16,modularity,connectivity,true,12,18,0.0009441375732421875
ecc,17,connected_components,connectivity,false,3,2,0.0006570816040039062
ecc,17,modularity,connectivity,false,5,8,0.0020308494567871094
ecc,17,connected_components,connectivity,true,12,18,0.0009746551513671875
ecc,17,modularity,connectivity,true,12,18,0.0009598731994628906
ecc,18,connected_components,connectivity,false,3,2,0.0006620883941650391
ecc,18,modularity,connectivity,false,5,8,0.001573324203491211
ecc,18,connected_components,connectivity,true,12,18,0.0009050369262695312
ecc,18,modularity,connectivity,true,12,18,0.0009248256683349609
ecc,19,connected_components,connectivity,false,3,2,0.0006730556488037109
ecc,19,modularity,connectivity,false,5,8,0.0014910697937011719
ecc,19,connected_components,connectivity,true,12,18,0.0010159015655517578
ecc,19,modularity,connectivity,true,12,18,0.0009829998016357422
pr_0_85,2,connected_components,connectivity,false,2,1,0.00047278404235839844
pr_0_85,2,modularity,connectivity,false,6,15,0.0028972625732421875
pr_0_85,2,connected_components,connectivity,true,2,1,0.00040078163146972656
pr_0_85,2,modularity,connectivity,true,6,9,0.001569986343383789
pr_0_85,3,connected_components,connectivity,false,3,3,0.0007998943328857422
pr_0_85,3,modularity,connectivity,false,9,36,0.0057621002197265625
pr_0_85,3,connected_components,connectivity,true,4,5,0.0008587837219238281
pr_0_85,3,modularity,connectivity,true,6,9,0.0025162696838378906
pr_0_85,4,connected_components,connectivity,false,4,6,0.0017571449279785156
pr_0_85,4,modularity,connectivity,false,12,66,0.011161088943481445
pr_0_85,4,connected_components,connectivity,true,7,11,0.0025348663330078125
pr_0_85,4,modularity,connectivity,true,7,11,0.002309083938598633
pr_0_85,5,connected_components,connectivity,false,5,10,0.002275228500366211
pr_0_85,5,modularity,connectivity,false,15,105,0.012672901153564453
pr_0_85,5,connected_components,connectivity,true,7,10,0.0005779266357421875
pr_0_85,5,modularity,connectivity,true,7,10,0.0017368793487548828
pr_0_85,6,connected_components,connectivity,false,6,15,0.0023317337036132812
pr_0_85,6,modularity,connectivity,false,18,153,0.014195919036865234
pr_0_85,6,connected_components,connectivity,true,7,11,0.0006139278411865234
pr_0_85,6,modularity,connectivity,true,7,11,0.0013759136199951172
pr_0_85,7,connected_components,connectivity,false,7,21,0.0017590522766113281
pr_0_85,7,modularity,connectivity,false,21,210,0.011780977249145508
pr_0_85,7,connected_components,connectivity,true,7,10,0.0006067752838134766
pr_0_85,7,modularity,connectivity,true,7,10,0.0014781951904296875
pr_0_85,8,connected_components,connectivity,false,8,28,0.0022988319396972656
pr_0_85,8,modularity,connectivity,false,24,276,0.014295816421508789
pr_0_85,8,connected_components,connectivity,true,9,13,0.0007259845733642578
pr_0_85,8,modularity,connectivity,true,9,13,0.0011398792266845703
pr_0_85,9,connected_components,connectivity,false,9,36,0.002362966537475586
pr_0_85,9,modularity,connectivity,false,27,351,0.015426874160766602
pr_0_85,9,connected_components,connectivity,true,9,13,0.0006892681121826172
pr_0_85,9,modularity,connectivity,true,9,13,0.001146078109741211
pr_0_85,10,connected_components,connectivity,false,10,45,0.0026650428771972656
pr_0_85,10,modularity,connectivity,false,30,435,0.016789913177490234
pr_0_85,10,connected_components,connectivity,true,10,15,0.0007658004760742188
pr_0_85,10,modularity,connectivity,true,10,15,0.0010232925415039062
pr_0_85,11,connected_components,connectivity,false,11,55,0.002958059310913086
pr_0_85,11,modularity,connectivity,false,33,528,0.01898503303527832
pr_0_85,11,connected_components,connectivity,true,14,35,0.0010378360748291016
pr_0_85,11,modularity,connectivity,true,14,35,0.002048969268798828
pr_0_85,12,connected_components,connectivity,false,12,66,0.003322124481201172
pr_0_85,12,modularity,connectivity,false,36,630,0.020500898361206055
pr_0_85,12,connected_components,connectivity,true,12,18,0.0008440017700195312
pr_0_85,12,modularity,connectivity,true,12,18,0.0009038448333740234
pr_0_85,13,connected_components,connectivity,false,13,78,0.0038259029388427734
pr_0_85,13,modularity,connectivity,false,39,741,0.023751020431518555
pr_0_85,13,connected_components,connectivity,true,12,18,0.0009930133819580078
pr_0_85,13,modularity,connectivity,true,12,18,0.0009369850158691406
pr_0_85,14,connected_components,connectivity,false,14,91,0.004809856414794922
pr_0_85,14,modularity,connectivity,false,42,861,0.026077985763549805
pr_0_85,14,connected_components,connectivity,true,12,18,0.0008780956268310547
pr_0_85,14,modularity,connectivity,true,12,18,0.0008220672607421875
pr_0_85,15,connected_components,connectivity,false,15,105,0.004864931106567383
pr_0_85,15,modularity,connectivity,false,45,990,0.027863025665283203
pr_0_85,15,connected_components,connectivity,true,12,18,0.0009548664093017578
pr_0_85,15,modularity,connectivity,true,12,18,0.0008878707885742188
pr_0_85,16,connected_components,connectivity,false,16,120,0.005710124969482422
pr_0_85,16,modularity,connectivity,false,48,1128,0.028556108474731445
pr_0_85,16,connected_components,connectivity,true,12,18,0.0009551048278808594
pr_0_85,16,modularity,connectivity,true,12,18,0.0008628368377685547
pr_0_85,17,connected_components,connectivity,false,17,136,0.006684064865112305
pr_0_85,17,modularity,connectivity,false,51,1275,0.03090500831604004
pr_0_85,17,connected_components,connectivity,true,12,18,0.0009472370147705078
pr_0_85,17,modularity,connectivity,true,12,18,0.0010471343994140625
pr_0_85,18,connected_components,connectivity,false,18,153,0.007283926010131836
pr_0_85,18,modularity,connectivity,false,54,1431,0.03259873390197754
pr_0_85,18,connected_components,connectivity,true,12,18,0.0009622573852539062
pr_0_85,18,modularity,connectivity,true,12,18,0.0008890628814697266
pr_0_85,19,connected_components,connectivity,false,19,171,0.007983684539794922
pr_0_85,19,modularity,connectivity,false,57,1596,0.03641009330749512
pr_0_85,19,connected_components,connectivity,true,12,18,0.0009818077087402344
pr_0_85,19,modularity,connectivity,true,12,18,0.0010290145874023438
fv,2,connected_components,connectivity,false,2,1,0.0003719329833984375
fv,2,modularity,connectivity,false,4,4,0.0017728805541992188
fv,2,connected_components,connectivity,true,2,1,0.0004761219024658203
fv,2,modularity,connectivity,true,4,5,0.0014960765838623047
fv,3,connected_components,connectivity,false,3,3,0.00048804283142089844
fv,3,modularity,connectivity,false,5,6,0.0014319419860839844
fv,3,connected_components,connectivity,true,4,4,0.0005421638488769531
fv,3,modularity,connectivity,true,6,9,0.0014331340789794922
fv,4,connected_components,connectivity,false,5,6,0.0009658336639404297
fv,4,modularity,connectivity,false,6,8,0.001725912094116211
fv,4,connected_components,connectivity,true,6,8,0.000518798828125
fv,4,modularity,connectivity,true,6,8,0.0013256072998046875
fv,5,connected_components,connectivity,false,5,6,0.0005490779876708984
fv,5,modularity,connectivity,false,6,8,0.0013148784637451172
fv,5,connected_components,connectivity,true,7,10,0.0005469322204589844
fv,5,modularity,connectivity,true,7,10,0.0018320083618164062
fv,6,connected_components,connectivity,false,6,8,0.0010361671447753906
fv,6,modularity,connectivity,false,6,8,0.0018200874328613281
fv,6,connected_components,connectivity,true,9,13,0.0006151199340820312
fv,6,modularity,connectivity,true,9,13,0.001074075698852539
fv,7,connected_components,connectivity,false,7,10,0.0005939006805419922
fv,7,modularity,connectivity,false,7,10,0.0012438297271728516
fv,7,connected_components,connectivity,true,10,14,0.0012302398681640625
fv,7,modularity,connectivity,true,10,14,0.0013680458068847656
fv,8,connected_components,connectivity,false,7,10,0.0007281303405761719
fv,8,modularity,connectivity,false,7,10,0.0014290809631347656
fv,8,connected_components,connectivity,true,9,12,0.0006530284881591797
fv,8,modularity,connectivity,true,9,12,0.0017652511596679688
fv,9,connected_components,connectivity,false,7,10,0.0007989406585693359
fv,9,modularity,connectivity,false,7,10,0.0012710094451904297
fv,9,connected_components,connectivity,true,10,14,0.0007281303405761719
fv,9,modularity,connectivity,true,10,14,0.0010318756103515625
fv,10,connected_components,connectivity,false,9,13,0.0007228851318359375
fv,10,modularity,connectivity,false,9,13,0.0011131763458251953
fv,10,connected_components,connectivity,true,10,14,0.0011439323425292969
fv,10,modularity,connectivity,true,10,14,0.001416921615600586
fv,11,connected_components,connectivity,false,8,10,0.0007240772247314453
fv,11,modularity,connectivity,false,8,10,0.0013651847839355469
fv,11,connected_components,connectivity,true,16,42,0.0010650157928466797
fv,11,modularity,connectivity,true,16,42,0.0017080307006835938
fv,12,connected_components,connectivity,false,9,12,0.0013279914855957031
fv,12,modularity,connectivity,false,9,12,0.002225160598754883
fv,12,connected_components,connectivity,true,12,18,0.0009019374847412109
fv,12,modularity,connectivity,true,12,18,0.00080108642578125
fv,13,connected_components,connectivity,false,10,14,0.0008237361907958984
fv,13,modularity,connectivity,false,10,14,0.0011360645294189453
fv,13,connected_components,connectivity,true,12,18,0.0013580322265625
fv,13,modularity,connectivity,true,12,18,0.0010008811950683594
fv,14,connected_components,connectivity,false,10,14,0.0008199214935302734
fv,14,modularity,connectivity,false,10,14,0.0011467933654785156
fv,14,connected_components,connectivity,true,12,18,0.0008487701416015625
fv,14,modularity,connectivity,true,12,18,0.0008442401885986328
fv,15,connected_components,connectivity,false,9,12,0.0009777545928955078
fv,15,modularity,connectivity,false,9,12,0.002153158187866211
fv,15,connected_components,connectivity,true,12,18,0.0010187625885009766
fv,15,modularity,connectivity,true,12,18,0.0008511543273925781
fv,16,connected_components,connectivity,false,10,14,0.0008409023284912109
fv,16,modularity,connectivity,false,10,14,0.0013413429260253906
fv,16,connected_components,connectivity,true,12,18,0.0009868144989013672
fv,16,modularity,connectivity,true,12,18,0.0011799335479736328
fv,17,connected_components,connectivity,false,10,14,0.0010631084442138672
fv,17,modularity,connectivity,false,10,14,0.0012259483337402344
fv,17,connected_components,connectivity,true,12,18,0.0009090900421142578
fv,17,modularity,connectivity,true,12,18,0.0009090900421142578
fv,18,connected_components,connectivity,false,9,12,0.0008602142333984375
fv,18,modularity,connectivity,false,9,12,0.0015339851379394531
fv,18,connected_components,connectivity,true,12,18,0.0009868144989013672
fv,18,modularity,connectivity,true,12,18,0.0009441375732421875
fv,19,connected_components,connectivity,false,10,14,0.0009207725524902344
fv,19,modularity,connectivity,false,10,14,0.0013499259948730469
fv,19,connected_components,connectivity,true,12,18,0.0009491443634033203
fv,19,modularity,connectivity,true,12,18,0.0009450912475585938
fv_norm,2,connected_components,connectivity,false,2,1,0.0006380081176757812
fv_norm,2,modularity,connectivity,false,4,4,0.001711130142211914
fv_norm,2,connected_components,connectivity,true,2,1,0.00042700767517089844
fv_norm,2,modularity,connectivity,true,4,5,0.0015680789947509766
fv_norm,3,connected_components,connectivity,false,3,3,0.0004911422729492188
fv_norm,3,modularity,connectivity,false,5,6,0.001605987548828125
fv_norm,3,connected_components,connectivity,true,5,6,0.0010230541229248047
fv_norm,3,modularity,connectivity,true,7,10,0.0016367435455322266
fv_norm,4,connected_components,connectivity,false,5,6,0.0005049705505371094
fv_norm,4,modularity,connectivity,false,6,8,0.0013189315795898438
fv_norm,4,connected_components,connectivity,true,6,8,0.0005109310150146484
fv_norm,4,modularity,connectivity,true,6,8,0.0013659000396728516
fv_norm,5,connected_components,connectivity,false,5,6,0.000514984130859375
fv_norm,5,modularity,connectivity,false,6,8,0.0018210411071777344
fv_norm,5,connected_components,connectivity,true,7,10,0.0006561279296875
fv_norm,5,modularity,connectivity,true,7,10,0.0013570785522460938
fv_norm,6,connected_components,connectivity,false,6,8,0.0006299018859863281
fv_norm,6,modularity,connectivity,false,6,8,0.0013480186462402344
fv_norm,6,connected_components,connectivity,true,9,12,0.0006330013275146484
fv_norm,6,modularity,connectivity,true,9,12,0.0011048316955566406
fv_norm,7,connected_components,connectivity,false,7,10,0.0009920597076416016
fv_norm,7,modularity,connectivity,false,7,10,0.0017428398132324219
fv_norm,7,connected_components,connectivity,true,9,12,0.0006811618804931641
fv_norm,7,modularity,connectivity,true,9,12,0.001294851303100586
fv_norm,8,connected_components,connectivity,false,7,10,0.0006361007690429688
fv_norm,8,modularity,connectivity,false,7,10,0.0013890266418457031
fv_norm,8,connected_components,connectivity,true,9,12,0.0009737014770507812
fv_norm,8,modularity,connectivity,true,9,12,0.0016090869903564453
fv_norm,9,connected_components,connectivity,false,7,10,0.000644683837890625
fv_norm,9,modularity,connectivity,false,7,10,0.0012960433959960938
fv_norm,9,connected_components,connectivity,true,10,14,0.0007140636444091797
fv_norm,9,modularity,connectivity,true,10,14,0.0010309219360351562
fv_norm,10,connected_components,connectivity,false,9,13,0.0007131099700927734
fv_norm,10,modularity,connectivity,false,9,13,0.0016658306121826172
fv_norm,10,connected_components,connectivity,true,10,14,0.0008189678192138672
fv_norm,10,modularity,connectivity,true,10,14,0.001096963882446289
fv_norm,11,connected_components,connectivity,false,8,10,0.0006799697875976562
fv_norm,11,modularity,connectivity,false,8,10,0.0013229846954345703
fv_norm,11,connected_components,connectivity,true,16,40,0.0011599063873291016
fv_norm,11,modularity,connectivity,true,16,40,0.0022351741790771484
fv_norm,12,connected_components,connectivity,false,9,12,0.0013706684112548828
fv_norm,12,modularity,connectivity,false,9,12,0.00145721435546875
fv_norm,12,connected_components,connectivity,true,12,18,0.0008020401000976562
fv_norm,12,modularity,connectivity,true,12,18,0.000782012939453125
fv_norm,13,connected_components,connectivity,false,10,14,0.0007679462432861328
fv_norm,13,modularity,connectivity,false,10,14,0.0017888545989990234
fv_norm,13,connected_components,connectivity,true,12,18,0.001024007797241211
fv_norm,13,modularity,connectivity,true,12,18,0.0008261203765869141
fv_norm,14,connected_components,connectivity,false,10,14,0.0007898807525634766
fv_norm,14,modularity,connectivity,false,10,14,0.0011179447174072266
fv_norm,14,connected_components,connectivity,true,12,18,0.0008280277252197266
fv_norm,14,modularity,connectivity,true,12,18,0.0008270740509033203
fv_norm,15,connected_components,connectivity,false,9,12,0.0007832050323486328
fv_norm,15,modularity,connectivity,false,9,12,0.00197601318359375
fv_norm,15,connected_components,connectivity,true,12,18,0.0008709430694580078
fv_norm,15,modularity,connectivity,true,12,18,0.0010290145874023438
fv_norm,16,connected_components,connectivity,false,10,14,0.0008552074432373047
fv_norm,16,modularity,connectivity,false,10,14,0.0011861324310302734
fv_norm,16,connected_components,connectivity,true,12,18,0.0011420249938964844
fv_norm,16,modularity,connectivity,true,12,18,0.0009589195251464844
fv_norm,17,connected_components,connectivity,false,10,14,0.0008819103240966797
fv_norm,17,modularity,connectivity,false,10,14,0.001216888427734375
fv_norm,17,connected_components,connectivity,true,12,18,0.00090789794921875
fv_norm,17,modularity,connectivity,true,12,18,0.0009050369262695312
fv_norm,18,connected_components,connectivity,false,9,12,0.0008540153503417969
fv_norm,18,modularity,connectivity,false,9,12,0.002148151397705078
fv_norm,18,connected_components,connectivity,true,12,18,0.0009911060333251953
fv_norm,18,modularity,connectivity,true,12,18,0.0010890960693359375
fv_norm,19,connected_components,connectivity,false,10,14,0.0009171962738037109
fv_norm,19,modularity,connectivity,false,10,14,0.001628875732421875
fv_norm,19,connected_components,connectivity,true,12,18,0.0011599063873291016
fv_norm,19,modularity,connectivity,true,12,18,0.0009572505950927734
den_0_5,2,connected_components,connectivity,false,2,1,0.00034999847412109375
den_0_5,2,modularity,connectivity,false,4,5,0.0013489723205566406
den_0_5,2,connected_components,connectivity,true,3,2,0.00038909912109375
den_0_5,2,modularity,connectivity,true,4,5,0.0012979507446289062
den_0_5,3,connected_components,connectivity,false,5,7,0.0007088184356689453
den_0_5,3,modularity,connectivity,false,5,7,0.0018770694732666016
den_0_5,3,connected_components,connectivity,true,5,6,0.0004661083221435547
den_0_5,3,modularity,connectivity,true,6,8,0.0012679100036621094
den_0_5,4,connected_components,connectivity,false,4,5,0.00043511390686035156
den_0_5,4,modularity,connectivity,false,5,7,0.001325845718383789
den_0_5,4,connected_components,connectivity,true,6,7,0.00049591064453125
den_0_5,4,modularity,connectivity,true,6,7,0.0022242069244384766
den_0_5,5,connected_components,connectivity,false,4,5,0.0005061626434326172
den_0_5,5,modularity,connectivity,false,5,7,0.0013670921325683594
den_0_5,5,connected_components,connectivity,true,8,11,0.0005629062652587891
den_0_5,5,modularity,connectivity,true,8,11,0.0011248588562011719
den_0_5,6,connected_components,connectivity,false,7,9,0.0005550384521484375
den_0_5,6,modularity,connectivity,false,7,9,0.0013120174407958984
den_0_5,6,connected_components,connectivity,true,8,11,0.0005900859832763672
den_0_5,6,modularity,connectivity,true,8,11,0.0021398067474365234
den_0_5,7,connected_components,connectivity,false,4,5,0.0008330345153808594
den_0_5,7,modularity,connectivity,false,5,7,0.0014672279357910156
den_0_5,7,connected_components,connectivity,true,10,15,0.0006699562072753906
den_0_5,7,modularity,connectivity,true,10,15,0.0009877681732177734
den_0_5,8,connected_components,connectivity,false,4,5,0.0005362033843994141
den_0_5,8,modularity,connectivity,false,5,7,0.0015268325805664062
den_0_5,8,connected_components,connectivity,true,9,13,0.0010840892791748047
den_0_5,8,modularity,connectivity,true,9,13,0.0014109611511230469
den_0_5,9,connected_components,connectivity,false,7,9,0.0006210803985595703
den_0_5,9,modularity,connectivity,false,7,9,0.001390695571899414
den_0_5,9,connected_components,connectivity,true,10,15,0.0006909370422363281
den_0_5,9,modularity,connectivity,true,10,15,0.0010039806365966797
den_0_5,10,connected_components,connectivity,false,4,5,0.0005459785461425781
den_0_5,10,modularity,connectivity,false,5,7,0.0019462108612060547
den_0_5,10,connected_components,connectivity,true,10,15,0.0009188652038574219
den_0_5,10,modularity,connectivity,true,10,15,0.0011167526245117188
den_0_5,11,connected_components,connectivity,false,4,5,0.0005660057067871094
den_0_5,11,modularity,connectivity,false,5,7,0.0014650821685791016
den_0_5,11,connected_components,connectivity,true,15,36,0.0010650157928466797
den_0_5,11,modularity,connectivity,true,15,36,0.0022950172424316406
den_0_5,12,connected_components,connectivity,false,7,9,0.0009551048278808594
den_0_5,12,modularity,connectivity,false,7,9,0.0014750957489013672
den_0_5,12,connected_components,connectivity,true,12,18,0.0007927417755126953
den_0_5,12,modularity,connectivity,true,12,18,0.001016855239868164
den_0_5,13,connected_components,connectivity,false,4,5,0.0006132125854492188
den_0_5,13,modularity,connectivity,false,5,7,0.0016222000122070312
den_0_5,13,connected_components,connectivity,true,12,18,0.001177072525024414
den_0_5,13,modularity,connectivity,true,12,18,0.0009043216705322266
den_0_5,14,connected_components,connectivity,false,4,5,0.0006368160247802734
den_0_5,14,modularity,connectivity,false,5,7,0.0015559196472167969
den_0_5,14,connected_components,connectivity,true,12,18,0.0008289813995361328
den_0_5,14,modularity,connectivity,true,12,18,0.0008270740509033203
den_0_5,15,connected_components,connectivity,false,7,9,0.001322031021118164
den_0_5,15,modularity,connectivity,false,7,9,0.0021800994873046875
den_0_5,15,connected_components,connectivity,true,12,18,0.0008788108825683594
den_0_5,15,modularity,connectivity,true,12,18,0.0008649826049804688
den_0_5,16,connected_components,connectivity,false,4,5,0.0006990432739257812
den_0_5,16,modularity,connectivity,false,5,7,0.0016050338745117188
den_0_5,16,connected_components,connectivity,true,12,18,0.0012471675872802734
den_0_5,16,modularity,connectivity,true,12,18,0.0011789798736572266
den_0_5,17,connected_components,connectivity,false,4,5,0.0007061958312988281
den_0_5,17,modularity,connectivity,false,5,7,0.0016241073608398438
den_0_5,17,connected_components,connectivity,true,12,18,0.0008990764617919922
den_0_5,17,modularity,connectivity,true,12,18,0.000885009765625
den_0_5,18,connected_components,connectivity,false,7,9,0.0007679462432861328
den_0_5,18,modularity,connectivity,false,7,9,0.0025489330291748047
den_0_5,18,connected_components,connectivity,true,12,18,0.0009210109710693359
den_0_5,18,modularity,connectivity,true,12,18,0.0008990764617919922
den_0_5,19,connected_components,connectivity,false,4,5,0.0006959438323974609
den_0_5,19,modularity,connectivity,false,5,7,0.0016109943389892578
den_0_5,19,connected_components,connectivity,true,12,18,0.0017158985137939453
den_0_5,19,modularity,connectivity,true,12,18,0.0011188983917236328
ev_1,2,connected_components,connectivity,false,2,1,0.00042510032653808594
ev_1,2,modularity,connectivity,false,4,4,0.0016398429870605469
ev_1,2,connected_components,connectivity,true,2,1,0.0004260540008544922
ev_1,2,modularity,connectivity,true,4,5,0.0014488697052001953
ev_1,3,connected_components,connectivity,false,3,3,0.00041675567626953125
ev_1,3,modularity,connectivity,false,5,6,0.0019659996032714844
ev_1,3,connected_components,connectivity,true,4,4,0.0004911422729492188
ev_1,3,modularity,connectivity,true,6,9,0.0014431476593017578
ev_1,4,connected_components,connectivity,false,5,6,0.0004968643188476562
ev_1,4,modularity,connectivity,false,6,8,0.001293182373046875
ev_1,4,connected_components,connectivity,true,6,8,0.0005011558532714844
ev_1,4,modularity,connectivity,true,6,8,0.0013298988342285156
ev_1,5,connected_components,connectivity,false,5,6,0.0004990100860595703
ev_1,5,modularity,connectivity,false,6,8,0.002179861068725586
ev_1,5,connected_components,connectivity,true,7,10,0.0007338523864746094
ev_1,5,modularity,connectivity,true,7,10,0.0012009143829345703
ev_1,6,connected_components,connectivity,false,6,8,0.0005550384521484375
ev_1,6,modularity,connectivity,false,6,8,0.0013551712036132812
ev_1,6,connected_components,connectivity,true,9,13,0.0006167888641357422
ev_1,6,modularity,connectivity,true,9,13,0.0010743141174316406
ev_1,7,connected_components,connectivity,false,7,10,0.0005979537963867188
ev_1,7,modularity,connectivity,false,7,10,0.002032041549682617
ev_1,7,connected_components,connectivity,true,10,14,0.0010287761688232422
ev_1,7,modularity,connectivity,true,10,14,0.0009930133819580078
ev_1,8,connected_components,connectivity,false,7,10,0.000614166259765625
ev_1,8,modularity,connectivity,false,7,10,0.0013871192932128906
ev_1,8,connected_components,connectivity,true,9,12,0.0006570816040039062
ev_1,8,modularity,connectivity,true,9,12,0.0017538070678710938
ev_1,9,connected_components,connectivity,false,7,10,0.00084686279296875
ev_1,9,modularity,connectivity,false,7,10,0.0012829303741455078
ev_1,9,connected_components,connectivity,true,10,14,0.0006930828094482422
ev_1,9,modularity,connectivity,true,10,14,0.001001119613647461
ev_1,10,connected_components,connectivity,false,9,13,0.0006947517395019531
ev_1,10,modularity,connectivity,false,9,13,0.0017418861389160156
ev_1,10,connected_components,connectivity,true,10,14,0.0007388591766357422
ev_1,10,modularity,connectivity,true,10,14,0.0010349750518798828
ev_1,11,connected_components,connectivity,false,8,10,0.0006899833679199219
ev_1,11,modularity,connectivity,false,8,10,0.0013289451599121094
ev_1,11,connected_components,connectivity,true,16,41,0.0010709762573242188
ev_1,11,modularity,connectivity,true,16,41,0.0017170906066894531
ev_1,12,connected_components,connectivity,false,9,12,0.001271963119506836
ev_1,12,modularity,connectivity,false,9,12,0.0014910697937011719
ev_1,12,connected_components,connectivity,true,12,18,0.0008118152618408203
ev_1,12,modularity,connectivity,true,12,18,0.0008299350738525391
ev_1,13,connected_components,connectivity,false,10,14,0.0007989406585693359
ev_1,13,modularity,connectivity,false,10,14,0.001116037368774414
ev_1,13,connected_components,connectivity,true,12,18,0.0011746883392333984
ev_1,13,modularity,connectivity,true,12,18,0.0009191036224365234
ev_1,14,connected_components,connectivity,false,10,14,0.0007891654968261719
ev_1,14,modularity,connectivity,false,10,14,0.001107931137084961
ev_1,14,connected_components,connectivity,true,12,18,0.0008270740509033203
ev_1,14,modularity,connectivity,true,12,18,0.000823974609375
ev_1,15,connected_components,connectivity,false,9,12,0.0015380382537841797
ev_1,15,modularity,connectivity,false,9,12,0.0015931129455566406
ev_1,15,connected_components,connectivity,true,12,18,0.00084686279296875
ev_1,15,modularity,connectivity,true,12,18,0.0008378028869628906
ev_1,16,connected_components,connectivity,false,10,14,0.0008261203765869141
ev_1,16,modularity,connectivity,false,10,14,0.0011432170867919922
ev_1,16,connected_components,connectivity,true,12,18,0.0008711814880371094
ev_1,16,modularity,connectivity,true,12,18,0.001432657241821289
ev_1,17,connected_components,connectivity,false,10,14,0.0009016990661621094
ev_1,17,modularity,connectivity,false,10,14,0.0011639595031738281
ev_1,17,connected_components,connectivity,true,12,18,0.0008900165557861328
ev_1,17,modularity,connectivity,true,12,18,0.0008833408355712891
ev_1,18,connected_components,connectivity,false,9,12,0.001399993896484375
ev_1,18,modularity,connectivity,false,9,12,0.0014290809631347656
ev_1,18,connected_components,connectivity,true,12,18,0.0009307861328125
ev_1,18,modularity,connectivity,true,12,18,0.0009238719940185547
ev_1,19,connected_components,connectivity,false,10,14,0.0009047985076904297
ev_1,19,modularity,connectivity,false,10,14,0.00131988525390625
ev_1,19,connected_components,connectivity,true,12,18,0.0009148120880126953
ev_1,19,modularity,connectivity,true,12,18,0.001641988754272461
ev_2,2,connected_components,connectivity,false,2,1,0.0005559921264648438
ev_2,2,modularity,connectivity,false,4,5,0.0014562606811523438
ev_2,2,connected_components,connectivity,true,2,1,0.0003509521484375
ev_2,2,modularity,connectivity,true,4,5,0.001361846923828125
ev_2,3,connected_components,connectivity,false,4,5,0.00043082237243652344
ev_2,3,modularity,connectivity,false,6,8,0.0013308525085449219
ev_2,3,connected_components,connectivity,true,5,6,0.00045108795166015625
ev_2,3,modularity,connectivity,true,7,9,0.0021948814392089844
ev_2,4,connected_components,connectivity,false,6,7,0.0008876323699951172
ev_2,4,modularity,connectivity,false,7,9,0.0013041496276855469
ev_2,4,connected_components,connectivity,true,7,10,0.0005261898040771484
ev_2,4,modularity,connectivity,true,7,10,0.001171112060546875
ev_2,5,connected_components,connectivity,false,7,10,0.0005769729614257812
ev_2,5,modularity,connectivity,false,7,10,0.0012390613555908203
ev_2,5,connected_components,connectivity,true,7,10,0.0009489059448242188
ev_2,5,modularity,connectivity,true,7,10,0.0016090869903564453
ev_2,6,connected_components,connectivity,false,7,10,0.0006959438323974609
ev_2,6,modularity,connectivity,false,7,10,0.0015077590942382812
ev_2,6,connected_components,connectivity,true,10,15,0.0006439685821533203
ev_2,6,modularity,connectivity,true,10,15,0.0009791851043701172
ev_2,7,connected_components,connectivity,false,9,13,0.0006380081176757812
ev_2,7,modularity,connectivity,false,9,13,0.0014920234680175781
ev_2,7,connected_components,connectivity,true,10,15,0.0007119178771972656
ev_2,7,modularity,connectivity,true,10,15,0.0010111331939697266
ev_2,8,connected_components,connectivity,false,8,11,0.0006339550018310547
ev_2,8,modularity,connectivity,false,8,11,0.0012049674987792969
ev_2,8,connected_components,connectivity,true,9,13,0.0006499290466308594
ev_2,8,modularity,connectivity,true,9,13,0.0017518997192382812
ev_2,9,connected_components,connectivity,false,9,13,0.0008161067962646484
ev_2,9,modularity,connectivity,false,9,13,0.001065969467163086
ev_2,9,connected_components,connectivity,true,10,15,0.0006909370422363281
ev_2,9,modularity,connectivity,true,10,15,0.0011420249938964844
ev_2,10,connected_components,connectivity,false,10,15,0.0008282661437988281
ev_2,10,modularity,connectivity,false,10,15,0.001157999038696289
ev_2,10,connected_components,connectivity,true,10,15,0.0012969970703125
ev_2,10,modularity,connectivity,true,10,15,0.0013070106506347656
ev_2,11,connected_components,connectivity,false,10,14,0.0007529258728027344
ev_2,11,modularity,connectivity,false,10,14,0.0011162757873535156
ev_2,11,connected_components,connectivity,true,17,44,0.0011138916015625
ev_2,11,modularity,connectivity,true,17,44,0.0016040802001953125
ev_2,12,connected_components,connectivity,false,11,16,0.0013880729675292969
ev_2,12,modularity,connectivity,false,11,16,0.0011849403381347656
ev_2,12,connected_components,connectivity,true,12,18,0.0007970333099365234
ev_2,12,modularity,connectivity,true,12,18,0.0007963180541992188
ev_2,13,connected_components,connectivity,false,10,14,0.0007638931274414062
ev_2,13,modularity,connectivity,false,10,14,0.0011279582977294922
ev_2,13,connected_components,connectivity,true,12,18,0.0008912086486816406
ev_2,13,modularity,connectivity,true,12,18,0.0016210079193115234
ev_2,14,connected_components,connectivity,false,12,18,0.0010051727294921875
ev_2,14,modularity,connectivity,false,12,18,0.0008401870727539062
ev_2,14,connected_components,connectivity,true,12,18,0.0008299350738525391
ev_2,14,modularity,connectivity,true,12,18,0.0008273124694824219
ev_2,15,connected_components,connectivity,false,12,18,0.0008490085601806641
ev_2,15,modularity,connectivity,false,12,18,0.000843048095703125
ev_2,15,connected_components,connectivity,true,12,18,0.0015149116516113281
ev_2,15,modularity,connectivity,true,12,18,0.00131988525390625
ev_2,16,connected_components,connectivity,false,12,18,0.0008721351623535156
ev_2,16,modularity,connectivity,false,12,18,0.0008623600006103516
ev_2,16,connected_components,connectivity,true,12,18,0.0008609294891357422
ev_2,16,modularity,connectivity,true,12,18,0.0009019374847412109
ev_2,17,connected_components,connectivity,false,12,18,0.0008757114410400391
ev_2,17,modularity,connectivity,false,12,18,0.0016810894012451172
ev_2,17,connected_components,connectivity,true,12,18,0.0011799335479736328
ev_2,17,modularity,connectivity,true,12,18,0.0009698867797851562
ev_2,18,connected_components,connectivity,false,12,18,0.0010619163513183594
ev_2,18,modularity,connectivity,false,12,18,0.0008959770202636719
ev_2,18,connected_components,connectivity,true,12,18,0.0008969306945800781
ev_2,18,modularity,connectivity,true,12,18,0.0008921623229980469
ev_2,19,connected_components,connectivity,false,12,18,0.0017120838165283203
ev_2,19,modularity,connectivity,false,12,18,0.001149892807006836
ev_2,19,connected_components,connectivity,true,12,18,0.0009219646453857422
ev_2,19,modularity,connectivity,true,12,18,0.0009229183197021484
ev_3,2,connected_components,connectivity,false,2,1,0.0003600120544433594
ev_3,2,modularity,connectivity,false,4,6,0.0013990402221679688
ev_3,2,connected_components,connectivity,true,2,1,0.00034880638122558594
ev_3,2,modularity,connectivity,true,5,7,0.0017518997192382812
ev_3,3,connected_components,connectivity,false,6,8,0.0006439685821533203
ev_3,3,modularity,connectivity,false,8,11,0.001512289047241211
ev_3,3,connected_components,connectivity,true,6,9,0.0004918575286865234
ev_3,3,modularity,connectivity,true,7,10,0.0012359619140625
ev_3,4,connected_components,connectivity,false,6,8,0.0005021095275878906
ev_3,4,modularity,connectivity,false,8,11,0.0011730194091796875
ev_3,4,connected_components,connectivity,true,8,12,0.0010020732879638672
ev_3,4,modularity,connectivity,true,8,12,0.0016181468963623047
ev_3,5,connected_components,connectivity,false,8,12,0.0008509159088134766
ev_3,5,modularity,connectivity,false,8,12,0.0010728836059570312
ev_3,5,connected_components,connectivity,true,9,14,0.0006148815155029297
ev_3,5,modularity,connectivity,true,9,14,0.0010631084442138672
ev_3,6,connected_components,connectivity,false,8,11,0.0006127357482910156
ev_3,6,modularity,connectivity,false,8,11,0.001728057861328125
ev_3,6,connected_components,connectivity,true,8,11,0.0006620883941650391
ev_3,6,modularity,connectivity,true,8,11,0.0012569427490234375
ev_3,7,connected_components,connectivity,false,8,11,0.0006132125854492188
ev_3,7,modularity,connectivity,false,8,11,0.001165151596069336
ev_3,7,connected_components,connectivity,true,9,13,0.0006306171417236328
ev_3,7,modularity,connectivity,true,9,13,0.0010919570922851562
ev_3,8,connected_components,connectivity,false,10,14,0.0006811618804931641
ev_3,8,modularity,connectivity,false,10,14,0.00174713134765625
ev_3,8,connected_components,connectivity,true,10,15,0.0008299350738525391
ev_3,8,modularity,connectivity,true,10,15,0.0010077953338623047
ev_3,9,connected_components,connectivity,false,11,16,0.0007178783416748047
ev_3,9,modularity,connectivity,false,11,16,0.0009050369262695312
ev_3,9,connected_components,connectivity,true,10,15,0.0011777877807617188
ev_3,9,modularity,connectivity,true,10,15,0.0012569427490234375
ev_3,10,connected_components,connectivity,false,11,16,0.000885009765625
ev_3,10,modularity,connectivity,false,11,16,0.0010921955108642578
ev_3,10,connected_components,connectivity,true,10,15,0.0008451938629150391
ev_3,10,modularity,connectivity,true,10,15,0.0011470317840576172
ev_3,11,connected_components,connectivity,false,10,14,0.0007548332214355469
ev_3,11,modularity,connectivity,false,10,14,0.001867055892944336
ev_3,11,connected_components,connectivity,true,17,45,0.0012867450714111328
ev_3,11,modularity,connectivity,true,17,45,0.001600027084350586
ev_3,12,connected_components,connectivity,false,10,14,0.0007557868957519531
ev_3,12,modularity,connectivity,false,10,14,0.0010869503021240234
ev_3,12,connected_components,connectivity,true,12,18,0.0007860660552978516
ev_3,12,modularity,connectivity,true,12,18,0.0008149147033691406
ev_3,13,connected_components,connectivity,false,10,14,0.0012309551239013672
ev_3,13,modularity,connectivity,false,10,14,0.0012750625610351562
ev_3,13,connected_components,connectivity,true,12,18,0.0008080005645751953
ev_3,13,modularity,connectivity,true,12,18,0.0008320808410644531
ev_3,14,connected_components,connectivity,false,11,16,0.0008561611175537109
ev_3,14,modularity,connectivity,false,11,16,0.0010302066802978516
ev_3,14,connected_components,connectivity,true,12,18,0.0013129711151123047
ev_3,14,modularity,connectivity,true,12,18,0.0009291172027587891
ev_3,15,connected_components,connectivity,false,11,16,0.0008442401885986328
ev_3,15,modularity,connectivity,false,11,16,0.0010612010955810547
ev_3,15,connected_components,connectivity,true,12,18,0.0009419918060302734
ev_3,15,modularity,connectivity,true,12,18,0.0008699893951416016
ev_3,16,connected_components,connectivity,false,11,16,0.001331329345703125
ev_3,16,modularity,connectivity,false,11,16,0.0011279582977294922
ev_3,16,connected_components,connectivity,true,12,18,0.0008711814880371094
ev_3,16,modularity,connectivity,true,12,18,0.0008580684661865234
ev_3,17,connected_components,connectivity,false,11,16,0.0008680820465087891
ev_3,17,modularity,connectivity,false,11,16,0.0010390281677246094
ev_3,17,connected_components,connectivity,true,12,18,0.0014259815216064453
ev_3,17,modularity,connectivity,true,12,18,0.0010898113250732422
ev_3,18,connected_components,connectivity,false,12,18,0.0009298324584960938
ev_3,18,modularity,connectivity,false,12,18,0.0009300708770751953
ev_3,18,connected_components,connectivity,true,12,18,0.0009219646453857422
ev_3,18,modularity,connectivity,true,12,18,0.0009262561798095703
ev_3,19,connected_components,connectivity,false,12,18,0.0009400844573974609
ev_3,19,modularity,connectivity,false,12,18,0.0015769004821777344
ev_3,19,connected_components,connectivity,true,12,18,0.0011341571807861328
ev_3,19,modularity,connectivity,true,12,18,0.0009620189666748047
ev_4,2,connected_components,connectivity,false,4,4,0.0005512237548828125
ev_4,2,modularity,connectivity,false,4,4,0.0014278888702392578
ev_4,2,connected_components,connectivity,true,4,4,0.0005497932434082031
ev_4,2,modularity,connectivity,true,4,4,0.0014910697937011719
ev_4,3,connected_components,connectivity,false,7,9,0.0011138916015625
ev_4,3,modularity,connectivity,false,7,9,0.001390218734741211
ev_4,3,connected_components,connectivity,true,7,10,0.0005271434783935547
ev_4,3,modularity,connectivity,true,7,10,0.0011990070343017578
ev_4,4,connected_components,connectivity,false,9,13,0.00057220458984375
ev_4,4,modularity,connectivity,false,9,13,0.0010418891906738281
ev_4,4,connected_components,connectivity,true,9,13,0.0009849071502685547
ev_4,4,modularity,connectivity,true,9,13,0.0017430782318115234
ev_4,5,connected_components,connectivity,false,9,13,0.0006098747253417969
ev_4,5,modularity,connectivity,false,9,13,0.0010979175567626953
ev_4,5,connected_components,connectivity,true,10,15,0.0006120204925537109
ev_4,5,modularity,connectivity,true,10,15,0.0010652542114257812
ev_4,6,connected_components,connectivity,false,10,14,0.0006368160247802734
ev_4,6,modularity,connectivity,false,10,14,0.0015528202056884766
ev_4,6,connected_components,connectivity,true,12,18,0.0010421276092529297
ev_4,6,modularity,connectivity,true,12,18,0.0007007122039794922
ev_4,7,connected_components,connectivity,false,11,16,0.0006842613220214844
ev_4,7,modularity,connectivity,false,11,16,0.0009989738464355469
ev_4,7,connected_components,connectivity,true,12,18,0.000701904296875
ev_4,7,modularity,connectivity,true,12,18,0.0006930828094482422
ev_4,8,connected_components,connectivity,false,12,18,0.000904083251953125
ev_4,8,modularity,connectivity,false,12,18,0.0011560916900634766
ev_4,8,connected_components,connectivity,true,12,18,0.0007910728454589844
ev_4,8,modularity,connectivity,true,12,18,0.0007159709930419922
ev_4,9,connected_components,connectivity,false,11,16,0.0007243156433105469
ev_4,9,modularity,connectivity,false,11,16,0.0009431838989257812
ev_4,9,connected_components,connectivity,true,12,18,0.0007312297821044922
ev_4,9,modularity,connectivity,true,12,18,0.001332998275756836
ev_4,10,connected_components,connectivity,false,11,16,0.001155853271484375
ev_4,10,modularity,connectivity,false,11,16,0.0009589195251464844
ev_4,10,connected_components,connectivity,true,12,18,0.0007491111755371094
ev_4,10,modularity,connectivity,true,12,18,0.0007848739624023438
ev_4,11,connected_components,connectivity,false,10,14,0.0007309913635253906
ev_4,11,modularity,connectivity,false,10,14,0.0011539459228515625
ev_4,11,connected_components,connectivity,true,19,47,0.0019989013671875
ev_4,11,modularity,connectivity,true,19,47,0.0015392303466796875
ev_4,12,connected_components,connectivity,false,11,16,0.0007779598236083984
ev_4,12,modularity,connectivity,false,11,16,0.0010142326354980469
ev_4,12,connected_components,connectivity,true,12,18,0.0007941722869873047
ev_4,12,modularity,connectivity,true,12,18,0.0007917881011962891
ev_4,13,connected_components,connectivity,false,11,16,0.0007960796356201172
ev_4,13,modularity,connectivity,false,11,16,0.0015990734100341797
ev_4,13,connected_components,connectivity,true,12,18,0.0011987686157226562
ev_4,13,modularity,connectivity,true,12,18,0.0008089542388916016
ev_4,14,connected_components,connectivity,false,12,18,0.0008280277252197266
ev_4,14,modularity,connectivity,false,12,18,0.0008409023284912109
ev_4,14,connected_components,connectivity,true,12,18,0.0008769035339355469
ev_4,14,modularity,connectivity,true,12,18,0.0009520053863525391
ev_4,15,connected_components,connectivity,false,12,18,0.0013780593872070312
ev_4,15,modularity,connectivity,false,12,18,0.0008759498596191406
ev_4,15,connected_components,connectivity,true,12,18,0.0008690357208251953
ev_4,15,modularity,connectivity,true,12,18,0.0008649826049804688
ev_4,16,connected_components,connectivity,false,12,18,0.0008959770202636719
ev_4,16,modularity,connectivity,false,12,18,0.0008859634399414062
ev_4,16,connected_components,connectivity,true,12,18,0.0014259815216064453
ev_4,16,modularity,connectivity,true,12,18,0.001138925552368164
ev_4,17,connected_components,connectivity,false,12,18,0.0008959770202636719
ev_4,17,modularity,connectivity,false,12,18,0.0008821487426757812
ev_4,17,connected_components,connectivity,true,12,18,0.000885009765625
ev_4,17,modularity,connectivity,true,12,18,0.0008857250213623047
ev_4,18,connected_components,connectivity,false,12,18,0.0014803409576416016
ev_4,18,modularity,connectivity,false,12,18,0.0009181499481201172
ev_4,18,connected_components,connectivity,true,12,18,0.0009028911590576172
ev_4,18,modularity,connectivity,true,12,18,0.0009038448333740234
ev_4,19,connected_components,connectivity,false,12,18,0.0009291172027587891
ev_4,19,modularity,connectivity,false,12,18,0.0009219646453857422
ev_4,19,connected_components,connectivity,true,12,18,0.0016300678253173828
ev_4,19,modularity,connectivity,true,12,18,0.0009510517120361328
ev_5,2,connected_components,connectivity,false,3,2,0.00036978721618652344
ev_5,2,modularity,connectivity,false,6,10,0.0013172626495361328
ev_5,2,connected_components,connectivity,true,4,4,0.00041294097900390625
ev_5,2,modularity,connectivity,true,5,7,0.0012011528015136719
ev_5,3,connected_components,connectivity,false,3,2,0.0003848075866699219
ev_5,3,modularity,connectivity,false,6,10,0.0013158321380615234
ev_5,3,connected_components,connectivity,true,6,10,0.0008389949798583984
ev_5,3,modularity,connectivity,true,6,10,0.0015048980712890625
ev_5,4,connected_components,connectivity,false,3,2,0.0004119873046875
ev_5,4,modularity,connectivity,false,6,10,0.0013310909271240234
ev_5,4,connected_components,connectivity,true,9,14,0.0005698204040527344
ev_5,4,modularity,connectivity,true,9,14,0.0011188983917236328
ev_5,5,connected_components,connectivity,false,3,2,0.0004189014434814453
ev_5,5,modularity,connectivity,false,6,10,0.0023627281188964844
ev_5,5,connected_components,connectivity,true,10,15,0.0006361007690429688
ev_5,5,modularity,connectivity,true,10,15,0.0010008811950683594
ev_5,6,connected_components,connectivity,false,3,2,0.0004401206970214844
ev_5,6,modularity,connectivity,false,6,10,0.0013737678527832031
ev_5,6,connected_components,connectivity,true,10,15,0.0006341934204101562
ev_5,6,modularity,connectivity,true,10,15,0.0009410381317138672
ev_5,7,connected_components,connectivity,false,3,2,0.0004918575286865234
ev_5,7,modularity,connectivity,false,6,10,0.0019829273223876953
ev_5,7,connected_components,connectivity,true,10,15,0.0006611347198486328
ev_5,7,modularity,connectivity,true,10,15,0.0009670257568359375
ev_5,8,connected_components,connectivity,false,3,2,0.0004761219024658203
ev_5,8,modularity,connectivity,false,6,10,0.001397848129272461
ev_5,8,connected_components,connectivity,true,11,16,0.0006868839263916016
ev_5,8,modularity,connectivity,true,11,16,0.0014269351959228516
ev_5,9,connected_components,connectivity,false,3,2,0.000576019287109375
ev_5,9,modularity,connectivity,false,6,10,0.0014929771423339844
ev_5,9,connected_components,connectivity,true,11,16,0.0007100105285644531
ev_5,9,modularity,connectivity,true,11,16,0.0008640289306640625
ev_5,10,connected_components,connectivity,false,3,2,0.000507354736328125
ev_5,10,modularity,connectivity,false,6,10,0.0014328956604003906
ev_5,10,connected_components,connectivity,true,11,16,0.0013170242309570312
ev_5,10,modularity,connectivity,true,11,16,0.0009479522705078125
ev_5,11,connected_components,connectivity,false,3,2,0.0005340576171875
ev_5,11,modularity,connectivity,false,6,10,0.0014579296112060547
ev_5,11,connected_components,connectivity,true,18,49,0.0011162757873535156
ev_5,11,modularity,connectivity,true,18,49,0.001444101333618164
ev_5,12,connected_components,connectivity,false,3,2,0.0005478858947753906
ev_5,12,modularity,connectivity,false,6,10,0.0024688243865966797
ev_5,12,connected_components,connectivity,true,12,18,0.0008168220520019531
ev_5,12,modularity,connectivity,true,12,18,0.0007891654968261719
ev_5,13,connected_components,connectivity,false,3,2,0.0005600452423095703
ev_5,13,modularity,connectivity,false,6,10,0.0014989376068115234
ev_5,13,connected_components,connectivity,true,12,18,0.0008130073547363281
ev_5,13,modularity,connectivity,true,12,18,0.0008120536804199219
ev_5,14,connected_components,connectivity,false,3,2,0.0005781650543212891
ev_5,14,modularity,connectivity,false,6,10,0.002389192581176758
ev_5,14,connected_components,connectivity,true,12,18,0.0008478164672851562
ev_5,14,modularity,connectivity,true,12,18,0.0008251667022705078
ev_5,15,connected_components,connectivity,false,3,2,0.0005931854248046875
ev_5,15,modularity,connectivity,false,6,10,0.001529693603515625
ev_5,15,connected_components,connectivity,true,12,18,0.0008547306060791016
ev_5,15,modularity,connectivity,true,12,18,0.00084686279296875
ev_5,16,connected_components,connectivity,false,3,2,0.0006110668182373047
ev_5,16,modularity,connectivity,false,6,10,0.0025191307067871094
ev_5,16,connected_components,connectivity,true,12,18,0.0009701251983642578
ev_5,16,modularity,connectivity,true,12,18,0.0008728504180908203
ev_5,17,connected_components,connectivity,false,3,2,0.0007338523864746094
ev_5,17,modularity,connectivity,false,6,10,0.001811981201171875
ev_5,17,connected_components,connectivity,true,12,18,0.001499176025390625
ev_5,17,modularity,connectivity,true,12,18,0.0009500980377197266
ev_5,18,connected_components,connectivity,false,3,2,0.0007669925689697266
ev_5,18,modularity,connectivity,false,6,10,0.0018279552459716797
ev_5,18,connected_components,connectivity,true,12,18,0.0010569095611572266
ev_5,18,modularity,connectivity,true,12,18,0.0010559558868408203
ev_5,19,connected_components,connectivity,false,3,2,0.0008990764617919922
ev_5,19,modularity,connectivity,false,6,10,0.0023450851440429688
ev_5,19,connected_components,connectivity,true,12,18,0.0009281635284423828
ev_5,19,modularity,connectivity,true,12,18,0.0010721683502197266
ev_norm_1,2,connected_components,connectivity,false,2,1,0.0004401206970214844
ev_norm_1,2,modularity,connectivity,false,4,4,0.0014219284057617188
ev_norm_1,2,connected_components,connectivity,true,2,1,0.0005300045013427734
ev_norm_1,2,modularity,connectivity,true,4,5,0.0019481182098388672
ev_norm_1,3,connected_components,connectivity,false,3,3,0.00042700767517089844
ev_norm_1,3,modularity,connectivity,false,5,6,0.0013821125030517578
ev_norm_1,3,connected_components,connectivity,true,5,6,0.0004448890686035156
ev_norm_1,3,modularity,connectivity,true,7,10,0.00133514404296875
ev_norm_1,4,connected_components,connectivity,false,5,6,0.00048828125
ev_norm_1,4,modularity,connectivity,false,6,8,0.0017528533935546875
ev_norm_1,4,connected_components,connectivity,true,6,8,0.0006651878356933594
ev_norm_1,4,modularity,connectivity,true,6,8,0.001516103744506836
ev_norm_1,5,connected_components,connectivity,false,5,6,0.0005712509155273438
ev_norm_1,5,modularity,connectivity,false,6,8,0.0014712810516357422
ev_norm_1,5,connected_components,connectivity,true,7,10,0.0005729198455810547
ev_norm_1,5,modularity,connectivity,true,7,10,0.0011658668518066406
ev_norm_1,6,connected_components,connectivity,false,6,8,0.0010080337524414062
ev_norm_1,6,modularity,connectivity,false,6,8,0.0018858909606933594
ev_norm_1,6,connected_components,connectivity,true,9,12,0.0008299350738525391
ev_norm_1,6,modularity,connectivity,true,9,12,0.001603841781616211
ev_norm_1,7,connected_components,connectivity,false,7,10,0.0007791519165039062
ev_norm_1,7,modularity,connectivity,false,7,10,0.0014269351959228516
ev_norm_1,7,connected_components,connectivity,true,9,12,0.0010046958923339844
ev_norm_1,7,modularity,connectivity,true,9,12,0.0012340545654296875
ev_norm_1,8,connected_components,connectivity,false,7,10,0.0006821155548095703
ev_norm_1,8,modularity,connectivity,false,7,10,0.001374959945678711
ev_norm_1,8,connected_components,connectivity,true,9,12,0.0006999969482421875
ev_norm_1,8,modularity,connectivity,true,9,12,0.0018160343170166016
ev_norm_1,9,connected_components,connectivity,false,7,10,0.0006940364837646484
ev_norm_1,9,modularity,connectivity,false,7,10,0.0013151168823242188
ev_norm_1,9,connected_components,connectivity,true,10,14,0.0007162094116210938
ev_norm_1,9,modularity,connectivity,true,10,14,0.000997781753540039
ev_norm_1,10,connected_components,connectivity,false,9,13,0.0006966590881347656
ev_norm_1,10,modularity,connectivity,false,9,13,0.0010790824890136719
ev_norm_1,10,connected_components,connectivity,true,10,14,0.001338958740234375
ev_norm_1,10,modularity,connectivity,true,10,14,0.0015690326690673828
ev_norm_1,11,connected_components,connectivity,false,8,10,0.0007231235504150391
ev_norm_1,11,modularity,connectivity,false,8,10,0.0013740062713623047
ev_norm_1,11,connected_components,connectivity,true,16,40,0.0010831356048583984
ev_norm_1,11,modularity,connectivity,true,16,40,0.0017349720001220703
ev_norm_1,12,connected_components,connectivity,false,9,12,0.0008902549743652344
ev_norm_1,12,modularity,connectivity,false,9,12,0.0017499923706054688
ev_norm_1,12,connected_components,connectivity,true,12,18,0.0009419918060302734
ev_norm_1,12,modularity,connectivity,true,12,18,0.0007939338684082031
ev_norm_1,13,connected_components,connectivity,false,10,14,0.0007658004760742188
ev_norm_1,13,modularity,connectivity,false,10,14,0.001096963882446289
ev_norm_1,13,connected_components,connectivity,true,12,18,0.0008120536804199219
ev_norm_1,13,modularity,connectivity,true,12,18,0.0014638900756835938
ev_norm_1,14,connected_components,connectivity,false,10,14,0.0011050701141357422
ev_norm_1,14,modularity,connectivity,false,10,14,0.0011370182037353516
ev_norm_1,14,connected_components,connectivity,true,12,18,0.0008351802825927734
ev_norm_1,14,modularity,connectivity,true,12,18,0.0008940696716308594
ev_norm_1,15,connected_components,connectivity,false,9,12,0.0008089542388916016
ev_norm_1,15,modularity,connectivity,false,9,12,0.0013709068298339844
ev_norm_1,15,connected_components,connectivity,true,12,18,0.0012066364288330078
ev_norm_1,15,modularity,connectivity,true,12,18,0.0009758472442626953
ev_norm_1,16,connected_components,connectivity,false,10,14,0.0008618831634521484
ev_norm_1,16,modularity,connectivity,false,10,14,0.00119781494140625
ev_norm_1,16,connected_components,connectivity,true,12,18,0.0010399818420410156
ev_norm_1,16,modularity,connectivity,true,12,18,0.0009758472442626953
ev_norm_1,17,connected_components,connectivity,false,10,14,0.001249074935913086
ev_norm_1,17,modularity,connectivity,false,10,14,0.0014028549194335938
ev_norm_1,17,connected_components,connectivity,true,12,18,0.0010559558868408203
ev_norm_1,17,modularity,connectivity,true,12,18,0.0010590553283691406
ev_norm_1,18,connected_components,connectivity,false,9,12,0.0010101795196533203
ev_norm_1,18,modularity,connectivity,false,9,12,0.0018749237060546875
ev_norm_1,18,connected_components,connectivity,true,12,18,0.0011141300201416016
ev_norm_1,18,modularity,connectivity,true,12,18,0.0010640621185302734
ev_norm_1,19,connected_components,connectivity,false,10,14,0.0008990764617919922
ev_norm_1,19,modularity,connectivity,false,10,14,0.0012350082397460938
ev_norm_1,19,connected_components,connectivity,true,12,18,0.0010800361633300781
ev_norm_1,19,modularity,connectivity,true,12,18,0.0009860992431640625
ev_norm_2,2,connected_components,connectivity,false,2,1,0.0006961822509765625
ev_norm_2,2,modularity,connectivity,false,4,5,0.0019390583038330078
ev_norm_2,2,connected_components,connectivity,true,2,1,0.00040912628173828125
ev_norm_2,2,modularity,connectivity,true,4,5,0.0015568733215332031
ev_norm_2,3,connected_components,connectivity,false,4,5,0.00048613548278808594
ev_norm_2,3,modularity,connectivity,false,6,8,0.002026081085205078
ev_norm_2,3,connected_components,connectivity,true,3,3,0.0004992485046386719
ev_norm_2,3,modularity,connectivity,true,6,9,0.0014581680297851562
ev_norm_2,4,connected_components,connectivity,false,5,6,0.0005550384521484375
ev_norm_2,4,modularity,connectivity,false,6,8,0.001486063003540039
ev_norm_2,4,connected_components,connectivity,true,5,7,0.0005576610565185547
ev_norm_2,4,modularity,connectivity,true,5,7,0.001477956771850586
ev_norm_2,5,connected_components,connectivity,false,7,10,0.0006871223449707031
ev_norm_2,5,modularity,connectivity,false,7,10,0.0019519329071044922
ev_norm_2,5,connected_components,connectivity,true,7,10,0.0005750656127929688
ev_norm_2,5,modularity,connectivity,true,7,10,0.0013210773468017578
ev_norm_2,6,connected_components,connectivity,false,7,10,0.0006449222564697266
ev_norm_2,6,modularity,connectivity,false,7,10,0.0014150142669677734
ev_norm_2,6,connected_components,connectivity,true,8,11,0.0007348060607910156
ev_norm_2,6,modularity,connectivity,true,8,11,0.0013248920440673828
ev_norm_2,7,connected_components,connectivity,false,9,13,0.0006539821624755859
ev_norm_2,7,modularity,connectivity,false,9,13,0.0010449886322021484
ev_norm_2,7,connected_components,connectivity,true,10,14,0.0006799697875976562
ev_norm_2,7,modularity,connectivity,true,10,14,0.0009591579437255859
ev_norm_2,8,connected_components,connectivity,false,8,11,0.0006301403045654297
ev_norm_2,8,modularity,connectivity,false,8,11,0.0013060569763183594
ev_norm_2,8,connected_components,connectivity,true,9,12,0.0010838508605957031
ev_norm_2,8,modularity,connectivity,true,9,12,0.001332998275756836
ev_norm_2,9,connected_components,connectivity,false,9,13,0.0007231235504150391
ev_norm_2,9,modularity,connectivity,false,9,13,0.0011227130889892578
ev_norm_2,9,connected_components,connectivity,true,10,14,0.0006859302520751953
ev_norm_2,9,modularity,connectivity,true,10,14,0.0011432170867919922
ev_norm_2,10,connected_components,connectivity,false,10,14,0.0012578964233398438
ev_norm_2,10,modularity,connectivity,false,10,14,0.0013399124145507812
ev_norm_2,10,connected_components,connectivity,true,10,14,0.0007150173187255859
ev_norm_2,10,modularity,connectivity,true,10,14,0.0011699199676513672
ev_norm_2,11,connected_components,connectivity,false,10,14,0.0008482933044433594
ev_norm_2,11,modularity,connectivity,false,10,14,0.001238107681274414
ev_norm_2,11,connected_components,connectivity,true,15,38,0.0015256404876708984
ev_norm_2,11,modularity,connectivity,true,15,38,0.001918792724609375
ev_norm_2,12,connected_components,connectivity,false,11,16,0.0007758140563964844
ev_norm_2,12,modularity,connectivity,false,11,16,0.0009388923645019531
ev_norm_2,12,connected_components,connectivity,true,12,18,0.0007832050323486328
ev_norm_2,12,modularity,connectivity,true,12,18,0.0009992122650146484
ev_norm_2,13,connected_components,connectivity,false,10,14,0.0011577606201171875
ev_norm_2,13,modularity,connectivity,false,10,14,0.0013141632080078125
ev_norm_2,13,connected_components,connectivity,true,12,18,0.0009450912475585938
ev_norm_2,13,modularity,connectivity,true,12,18,0.0009453296661376953
ev_norm_2,14,connected_components,connectivity,false,12,18,0.0009617805480957031
ev_norm_2,14,modularity,connectivity,false,12,18,0.0009589195251464844
ev_norm_2,14,connected_components,connectivity,true,12,18,0.0013549327850341797
ev_norm_2,14,modularity,connectivity,true,12,18,0.0011239051818847656
ev_norm_2,15,connected_components,connectivity,false,11,16,0.0009789466857910156
ev_norm_2,15,modularity,connectivity,false,11,16,0.001046895980834961
ev_norm_2,15,connected_components,connectivity,true,12,18,0.0008492469787597656
ev_norm_2,15,modularity,connectivity,true,12,18,0.0008649826049804688
ev_norm_2,16,connected_components,connectivity,false,12,18,0.0013360977172851562
ev_norm_2,16,modularity,connectivity,false,12,18,0.0009832382202148438
ev_norm_2,16,connected_components,connectivity,true,12,18,0.0008969306945800781
ev_norm_2,16,modularity,connectivity,true,12,18,0.0008909702301025391
ev_norm_2,17,connected_components,connectivity,false,12,18,0.0008988380432128906
ev_norm_2,17,modularity,connectivity,false,12,18,0.0009059906005859375
ev_norm_2,17,connected_components,connectivity,true,12,18,0.0013148784637451172
ev_norm_2,17,modularity,connectivity,true,12,18,0.001026153564453125
ev_norm_2,18,connected_components,connectivity,false,12,18,0.0009369850158691406
ev_norm_2,18,modularity,connectivity,false,12,18,0.0009188652038574219
ev_norm_2,18,connected_components,connectivity,true,12,18,0.0009243488311767578
ev_norm_2,18,modularity,connectivity,true,12,18,0.0009317398071289062
ev_norm_2,19,connected_components,connectivity,false,12,18,0.0009469985961914062
ev_norm_2,19,modularity,connectivity,false,12,18,0.001383066177368164
ev_norm_2,19,connected_components,connectivity,true,12,18,0.0009877681732177734
ev_norm_2,19,modularity,connectivity,true,12,18,0.0009639263153076172
ev_norm_3,2,connected_components,connectivity,false,2,1,0.0003566741943359375
ev_norm_3,2,modularity,connectivity,false,4,6,0.0014309883117675781
ev_norm_3,2,connected_components,connectivity,true,2,1,0.00035881996154785156
ev_norm_3,2,modularity,connectivity,true,5,7,0.0017518997192382812
ev_norm_3,3,connected_components,connectivity,false,6,8,0.0005259513854980469
ev_norm_3,3,modularity,connectivity,false,8,11,0.0013170242309570312
ev_norm_3,3,connected_components,connectivity,true,6,9,0.0005698204040527344
ev_norm_3,3,modularity,connectivity,true,6,9,0.0014290809631347656
ev_norm_3,4,connected_components,connectivity,false,6,8,0.0005841255187988281
ev_norm_3,4,modularity,connectivity,false,8,11,0.0013151168823242188
ev_norm_3,4,connected_components,connectivity,true,8,12,0.0006158351898193359
ev_norm_3,4,modularity,connectivity,true,8,12,0.0018203258514404297
ev_norm_3,5,connected_components,connectivity,false,8,12,0.0007030963897705078
ev_norm_3,5,modularity,connectivity,false,8,12,0.0010650157928466797
ev_norm_3,5,connected_components,connectivity,true,9,14,0.0005979537963867188
ev_norm_3,5,modularity,connectivity,true,9,14,0.0011050701141357422
ev_norm_3,6,connected_components,connectivity,false,8,11,0.0006821155548095703
ev_norm_3,6,modularity,connectivity,false,8,11,0.0018320083618164062
ev_norm_3,6,connected_components,connectivity,true,10,15,0.0009448528289794922
ev_norm_3,6,modularity,connectivity,true,10,15,0.0013289451599121094
ev_norm_3,7,connected_components,connectivity,false,8,11,0.0007066726684570312
ev_norm_3,7,modularity,connectivity,false,8,11,0.0013179779052734375
ev_norm_3,7,connected_components,connectivity,true,11,17,0.0007789134979248047
ev_norm_3,7,modularity,connectivity,true,11,17,0.0009851455688476562
ev_norm_3,8,connected_components,connectivity,false,10,14,0.0010848045349121094
ev_norm_3,8,modularity,connectivity,false,10,14,0.0011839866638183594
ev_norm_3,8,connected_components,connectivity,true,11,17,0.0007369518280029297
ev_norm_3,8,modularity,connectivity,true,11,17,0.0008969306945800781
ev_norm_3,9,connected_components,connectivity,false,11,16,0.0007388591766357422
ev_norm_3,9,modularity,connectivity,false,11,16,0.0009829998016357422
ev_norm_3,9,connected_components,connectivity,true,11,17,0.0008008480072021484
ev_norm_3,9,modularity,connectivity,true,11,17,0.0014998912811279297
ev_norm_3,10,connected_components,connectivity,false,11,16,0.000982046127319336
ev_norm_3,10,modularity,connectivity,false,11,16,0.0009789466857910156
ev_norm_3,10,connected_components,connectivity,true,11,17,0.000759124755859375
ev_norm_3,10,modularity,connectivity,true,11,17,0.0009062290191650391
ev_norm_3,11,connected_components,connectivity,false,10,14,0.0007259845733642578
ev_norm_3,11,modularity,connectivity,false,10,14,0.0010738372802734375
ev_norm_3,11,connected_components,connectivity,true,18,44,0.0015859603881835938
ev_norm_3,11,modularity,connectivity,true,18,44,0.001995086669921875
ev_norm_3,12,connected_components,connectivity,false,10,14,0.000759124755859375
ev_norm_3,12,modularity,connectivity,false,10,14,0.001093149185180664
ev_norm_3,12,connected_components,connectivity,true,12,18,0.0007879734039306641
ev_norm_3,12,modularity,connectivity,true,12,18,0.0008230209350585938
ev_norm_3,13,connected_components,connectivity,false,10,14,0.0009357929229736328
ev_norm_3,13,modularity,connectivity,false,10,14,0.0018100738525390625
ev_norm_3,13,connected_components,connectivity,true,12,18,0.0008378028869628906
ev_norm_3,13,modularity,connectivity,true,12,18,0.0008111000061035156
ev_norm_3,14,connected_components,connectivity,false,11,16,0.0008060932159423828
ev_norm_3,14,modularity,connectivity,false,11,16,0.0010089874267578125
ev_norm_3,14,connected_components,connectivity,true,12,18,0.0008649826049804688
ev_norm_3,14,modularity,connectivity,true,12,18,0.0014688968658447266
ev_norm_3,15,connected_components,connectivity,false,11,16,0.0010821819305419922
ev_norm_3,15,modularity,connectivity,false,11,16,0.0010578632354736328
ev_norm_3,15,connected_components,connectivity,true,12,18,0.0008478164672851562
ev_norm_3,15,modularity,connectivity,true,12,18,0.0008370876312255859
ev_norm_3,16,connected_components,connectivity,false,11,16,0.0008649826049804688
ev_norm_3,16,modularity,connectivity,false,11,16,0.0016109943389892578
ev_norm_3,16,connected_components,connectivity,true,12,18,0.0010890960693359375
ev_norm_3,16,modularity,connectivity,true,12,18,0.0010390281677246094
ev_norm_3,17,connected_components,connectivity,false,11,16,0.001032114028930664
ev_norm_3,17,modularity,connectivity,false,11,16,0.0012080669403076172
ev_norm_3,17,connected_components,connectivity,true,12,18,0.0014281272888183594
ev_norm_3,17,modularity,connectivity,true,12,18,0.0013358592987060547
ev_norm_3,18,connected_components,connectivity,false,12,18,0.0009181499481201172
ev_norm_3,18,modularity,connectivity,false,12,18,0.0009009838104248047
ev_norm_3,18,connected_components,connectivity,true,12,18,0.0008959770202636719
ev_norm_3,18,modularity,connectivity,true,12,18,0.0008971691131591797
ev_norm_3,19,connected_components,connectivity,false,12,18,0.0009801387786865234
ev_norm_3,19,modularity,connectivity,false,12,18,0.0017020702362060547
ev_norm_3,19,connected_components,connectivity,true,12,18,0.0011279582977294922
ev_norm_3,19,modularity,connectivity,true,12,18,0.0009591579437255859
ev_norm_4,2,connected_components,connectivity,false,4,4,0.0004496574401855469
ev_norm_4,2,modularity,connectivity,false,4,4,0.001283884048461914
ev_norm_4,2,connected_components,connectivity,true,4,4,0.00041794776916503906
ev_norm_4,2,modularity,connectivity,true,4,4,0.0012302398681640625
ev_norm_4,3,connected_components,connectivity,false,7,9,0.0008769035339355469
ev_norm_4,3,modularity,connectivity,false,7,9,0.001748800277709961
ev_norm_4,3,connected_components,connectivity,true,7,10,0.0005099773406982422
ev_norm_4,3,modularity,connectivity,true,7,10,0.0012140274047851562
ev_norm_4,4,connected_components,connectivity,false,8,12,0.0005519390106201172
ev_norm_4,4,modularity,connectivity,false,8,12,0.0011069774627685547
ev_norm_4,4,connected_components,connectivity,true,9,13,0.0005688667297363281
ev_norm_4,4,modularity,connectivity,true,9,13,0.0016651153564453125
ev_norm_4,5,connected_components,connectivity,false,9,13,0.0008280277252197266
ev_norm_4,5,modularity,connectivity,false,9,13,0.001184225082397461
ev_norm_4,5,connected_components,connectivity,true,10,15,0.0006170272827148438
ev_norm_4,5,modularity,connectivity,true,10,15,0.0010027885437011719
ev_norm_4,6,connected_components,connectivity,false,9,13,0.0006170272827148438
ev_norm_4,6,modularity,connectivity,false,9,13,0.0011451244354248047
ev_norm_4,6,connected_components,connectivity,true,11,16,0.0010170936584472656
ev_norm_4,6,modularity,connectivity,true,11,16,0.0010600090026855469
ev_norm_4,7,connected_components,connectivity,false,11,16,0.0007202625274658203
ev_norm_4,7,modularity,connectivity,false,11,16,0.0009908676147460938
ev_norm_4,7,connected_components,connectivity,true,12,18,0.0007107257843017578
ev_norm_4,7,modularity,connectivity,true,12,18,0.0006883144378662109
ev_norm_4,8,connected_components,connectivity,false,11,16,0.0007052421569824219
ev_norm_4,8,modularity,connectivity,false,11,16,0.0016942024230957031
ev_norm_4,8,connected_components,connectivity,true,12,18,0.0012001991271972656
ev_norm_4,8,modularity,connectivity,true,12,18,0.0009098052978515625
ev_norm_4,9,connected_components,connectivity,false,11,16,0.0007240772247314453
ev_norm_4,9,modularity,connectivity,false,11,16,0.0009357929229736328
ev_norm_4,9,connected_components,connectivity,true,12,18,0.0007271766662597656
ev_norm_4,9,modularity,connectivity,true,12,18,0.0007266998291015625
ev_norm_4,10,connected_components,connectivity,false,10,14,0.0007197856903076172
ev_norm_4,10,modularity,connectivity,false,10,14,0.0018579959869384766
ev_norm_4,10,connected_components,connectivity,true,12,18,0.0008182525634765625
ev_norm_4,10,modularity,connectivity,true,12,18,0.0007932186126708984
ev_norm_4,11,connected_components,connectivity,false,10,14,0.0007510185241699219
ev_norm_4,11,modularity,connectivity,false,10,14,0.0011959075927734375
ev_norm_4,11,connected_components,connectivity,true,18,45,0.0013091564178466797
ev_norm_4,11,modularity,connectivity,true,18,45,0.0016818046569824219
ev_norm_4,12,connected_components,connectivity,false,10,14,0.0007860660552978516
ev_norm_4,12,modularity,connectivity,false,10,14,0.0011909008026123047
ev_norm_4,12,connected_components,connectivity,true,12,18,0.0008151531219482422
ev_norm_4,12,modularity,connectivity,true,12,18,0.0008080005645751953
ev_norm_4,13,connected_components,connectivity,false,11,16,0.001178741455078125
ev_norm_4,13,modularity,connectivity,false,11,16,0.0014488697052001953
ev_norm_4,13,connected_components,connectivity,true,12,18,0.0008211135864257812
ev_norm_4,13,modularity,connectivity,true,12,18,0.0009028911590576172
ev_norm_4,14,connected_components,connectivity,false,11,16,0.0008168220520019531
ev_norm_4,14,modularity,connectivity,false,11,16,0.0010738372802734375
ev_norm_4,14,connected_components,connectivity,true,12,18,0.0008308887481689453
ev_norm_4,14,modularity,connectivity,true,12,18,0.0013422966003417969
ev_norm_4,15,connected_components,connectivity,false,12,18,0.0010762214660644531
ev_norm_4,15,modularity,connectivity,false,12,18,0.0009260177612304688
ev_norm_4,15,connected_components,connectivity,true,12,18,0.0008461475372314453
ev_norm_4,15,modularity,connectivity,true,12,18,0.0008451938629150391
ev_norm_4,16,connected_components,connectivity,false,11,16,0.0008518695831298828
ev_norm_4,16,modularity,connectivity,false,11,16,0.001956939697265625
ev_norm_4,16,connected_components,connectivity,true,12,18,0.0010669231414794922
ev_norm_4,16,modularity,connectivity,true,12,18,0.0008652210235595703
ev_norm_4,17,connected_components,connectivity,false,12,18,0.0008819103240966797
ev_norm_4,17,modularity,connectivity,false,12,18,0.0008790493011474609
ev_norm_4,17,connected_components,connectivity,true,12,18,0.000885009765625
ev_norm_4,17,modularity,connectivity,true,12,18,0.0008749961853027344
ev_norm_4,18,connected_components,connectivity,false,11,16,0.0011551380157470703
ev_norm_4,18,modularity,connectivity,false,11,16,0.0016019344329833984
ev_norm_4,18,connected_components,connectivity,true,12,18,0.001096963882446289
ev_norm_4,18,modularity,connectivity,true,12,18,0.0009331703186035156
ev_norm_4,19,connected_components,connectivity,false,12,18,0.0009400844573974609
ev_norm_4,19,modularity,connectivity,false,12,18,0.0009500980377197266
ev_norm_4,19,connected_components,connectivity,true,12,18,0.0014998912811279297
ev_norm_4,19,modularity,connectivity,true,12,18,0.0010368824005126953
ev_norm_5,2,connected_components,connectivity,false,3,2,0.0004076957702636719
ev_norm_5,2,modularity,connectivity,false,6,10,0.0013461112976074219
ev_norm_5,2,connected_components,connectivity,true,2,1,0.0003769397735595703
ev_norm_5,2,modularity,connectivity,true,6,10,0.0013346672058105469
ev_norm_5,3,connected_components,connectivity,false,3,2,0.0004107952117919922
ev_norm_5,3,modularity,connectivity,false,6,10,0.001352071762084961
ev_norm_5,3,connected_components,connectivity,true,6,10,0.0008482933044433594
ev_norm_5,3,modularity,connectivity,true,6,10,0.0017800331115722656
ev_norm_5,4,connected_components,connectivity,false,3,2,0.00043511390686035156
ev_norm_5,4,modularity,connectivity,false,6,10,0.0013499259948730469
ev_norm_5,4,connected_components,connectivity,true,6,10,0.0005040168762207031
ev_norm_5,4,modularity,connectivity,true,6,10,0.0014851093292236328
ev_norm_5,5,connected_components,connectivity,false,3,2,0.0006799697875976562
ev_norm_5,5,modularity,connectivity,false,6,10,0.0017979145050048828
ev_norm_5,5,connected_components,connectivity,true,9,14,0.0006117820739746094
ev_norm_5,5,modularity,connectivity,true,9,14,0.0011219978332519531
ev_norm_5,6,connected_components,connectivity,false,3,2,0.00045680999755859375
ev_norm_5,6,modularity,connectivity,false,6,10,0.0013811588287353516
ev_norm_5,6,connected_components,connectivity,true,8,13,0.0005958080291748047
ev_norm_5,6,modularity,connectivity,true,8,13,0.0018203258514404297
ev_norm_5,7,connected_components,connectivity,false,3,2,0.00067901611328125
ev_norm_5,7,modularity,connectivity,false,6,10,0.0014960765838623047
ev_norm_5,7,connected_components,connectivity,true,10,16,0.0006737709045410156
ev_norm_5,7,modularity,connectivity,true,10,16,0.001107931137084961
ev_norm_5,8,connected_components,connectivity,false,3,2,0.0005021095275878906
ev_norm_5,8,modularity,connectivity,false,6,10,0.0014507770538330078
ev_norm_5,8,connected_components,connectivity,true,10,15,0.0011172294616699219
ev_norm_5,8,modularity,connectivity,true,10,15,0.001238107681274414
ev_norm_5,9,connected_components,connectivity,false,3,2,0.0005309581756591797
ev_norm_5,9,modularity,connectivity,false,6,10,0.0014820098876953125
ev_norm_5,9,connected_components,connectivity,true,11,17,0.0007131099700927734
ev_norm_5,9,modularity,connectivity,true,11,17,0.0008699893951416016
ev_norm_5,10,connected_components,connectivity,false,3,2,0.0005238056182861328
ev_norm_5,10,modularity,connectivity,false,6,10,0.0022339820861816406
ev_norm_5,10,connected_components,connectivity,true,11,17,0.0009138584136962891
ev_norm_5,10,modularity,connectivity,true,11,17,0.0009591579437255859
ev_norm_5,11,connected_components,connectivity,false,3,2,0.0005738735198974609
ev_norm_5,11,modularity,connectivity,false,6,10,0.0015149116516113281
ev_norm_5,11,connected_components,connectivity,true,14,38,0.0010502338409423828
ev_norm_5,11,modularity,connectivity,true,14,38,0.0022430419921875
ev_norm_5,12,connected_components,connectivity,false,3,2,0.0007967948913574219
ev_norm_5,12,modularity,connectivity,false,6,10,0.0015177726745605469
ev_norm_5,12,connected_components,connectivity,true,12,18,0.0009479522705078125
ev_norm_5,12,modularity,connectivity,true,12,18,0.0007998943328857422
ev_norm_5,13,connected_components,connectivity,false,3,2,0.0005819797515869141
ev_norm_5,13,modularity,connectivity,false,6,10,0.001737833023071289
ev_norm_5,13,connected_components,connectivity,true,12,18,0.0012500286102294922
ev_norm_5,13,modularity,connectivity,true,12,18,0.0008459091186523438
ev_norm_5,14,connected_components,connectivity,false,3,2,0.0006110668182373047
ev_norm_5,14,modularity,connectivity,false,6,10,0.001528024673461914
ev_norm_5,14,connected_components,connectivity,true,12,18,0.0008270740509033203
ev_norm_5,14,modularity,connectivity,true,12,18,0.0008249282836914062
ev_norm_5,15,connected_components,connectivity,false,3,2,0.001008749008178711
ev_norm_5,15,modularity,connectivity,false,6,10,0.002065896987915039
ev_norm_5,15,connected_components,connectivity,true,12,18,0.0008578300476074219
ev_norm_5,15,modularity,connectivity,true,12,18,0.00084686279296875
ev_norm_5,16,connected_components,connectivity,false,3,2,0.0006279945373535156
ev_norm_5,16,modularity,connectivity,false,6,10,0.0015637874603271484
ev_norm_5,16,connected_components,connectivity,true,12,18,0.0008630752563476562
ev_norm_5,16,modularity,connectivity,true,12,18,0.0016319751739501953
ev_norm_5,17,connected_components,connectivity,false,3,2,0.0008220672607421875
ev_norm_5,17,modularity,connectivity,false,6,10,0.0016589164733886719
ev_norm_5,17,connected_components,connectivity,true,12,18,0.0010707378387451172
ev_norm_5,17,modularity,connectivity,true,12,18,0.0010728836059570312
ev_norm_5,18,connected_components,connectivity,false,3,2,0.0010218620300292969
ev_norm_5,18,modularity,connectivity,false,6,10,0.0017817020416259766
ev_norm_5,18,connected_components,connectivity,true,12,18,0.0009090900421142578
ev_norm_5,18,modularity,connectivity,true,12,18,0.0008931159973144531
ev_norm_5,19,connected_components,connectivity,false,3,2,0.0006761550903320312
ev_norm_5,19,modularity,connectivity,false,6,10,0.0015938282012939453
ev_norm_5,19,connected_components,connectivity,true,12,18,0.0017158985137939453
ev_norm_5,19,modularity,connectivity,true,12,18,0.001110076904296875
